dataset,method,run_id,epoch,train_box_loss,train_cls_loss,train_dfl_loss,train_loss,val_box_loss,val_cls_loss,val_dfl_loss,val_loss,precision,recall,map50,map50_95,learning_rate
NEU-DET,Full-SFT,neu_det_full_sft_seed824,1,1.95788,3.84718,1.9347,7.73976,2.21492,4.32702,2.27695,8.81889,0.00893,0.40472,0.01921,0.00662,0.000132
NEU-DET,Full-SFT,neu_det_full_sft_seed824,2,1.6772,3.69392,1.747,7.118119999999999,2.11603,4.35282,2.36825,8.8371,0.00807,0.5216,0.12048,0.04897,0.0002742542
NEU-DET,Full-SFT,neu_det_full_sft_seed824,3,1.74635,3.5857,1.82909,7.1611400000000005,2.15929,4.34961,2.42741,8.93631,0.00569,0.55606,0.12644,0.05166,0.00041347880000000006
NEU-DET,Full-SFT,neu_det_full_sft_seed824,4,1.70358,3.39621,1.80115,6.90094,2.21462,4.2865,2.40369,8.904810000000001,0.00537,0.59743,0.09781,0.04026,0.0005474084
NEU-DET,Full-SFT,neu_det_full_sft_seed824,5,1.62772,3.23505,1.71078,6.57355,1.98803,3.9048,2.10448,7.997310000000001,0.72634,0.06678,0.16207,0.06669,0.0006738718
NEU-DET,Full-SFT,neu_det_full_sft_seed824,6,1.75917,3.07759,1.80702,6.64378,2.52923,6.99684,2.8631,12.38917,0.1014,0.0812,0.03763,0.00996,0.0007908291999999999
NEU-DET,Full-SFT,neu_det_full_sft_seed824,7,1.75949,2.90194,1.79009,6.45152,2.52031,4.11008,2.70861,9.339,0.2561,0.10754,0.05919,0.01557,0.0008964079999999999
NEU-DET,Full-SFT,neu_det_full_sft_seed824,8,1.72795,2.81092,1.79291,6.33178,2.32017,3.82279,2.46941,8.61237,0.12799,0.15632,0.11434,0.04331,0.0009601418
NEU-DET,Full-SFT,neu_det_full_sft_seed824,9,1.74972,2.66925,1.77515,6.19412,2.20349,3.5368,2.34332,8.08361,0.23287,0.29498,0.20917,0.08083,0.000919842
NEU-DET,Full-SFT,neu_det_full_sft_seed824,10,1.69685,2.59302,1.76267,6.0525400000000005,2.17901,3.74704,2.31294,8.238990000000001,0.22846,0.37363,0.21776,0.08694,0.0008755498
NEU-DET,Full-SFT,neu_det_full_sft_seed824,11,1.69161,2.48371,1.72894,5.90426,2.17283,3.91717,2.2981,8.3881,0.1416,0.41841,0.1683,0.06259,0.00082775
NEU-DET,Full-SFT,neu_det_full_sft_seed824,12,1.70329,2.50339,1.76819,5.97487,2.28148,3.71915,2.36742,8.36805,0.22994,0.32698,0.21579,0.08062,0.0007769684
NEU-DET,Full-SFT,neu_det_full_sft_seed824,13,1.68485,2.4627,1.74561,5.89316,2.19007,3.49448,2.32106,8.00561,0.43849,0.31202,0.25471,0.10522,0.0007237602
NEU-DET,Full-SFT,neu_det_full_sft_seed824,14,1.60103,2.31767,1.66538,5.58408,2.2006,3.35463,2.27535,7.830579999999999,0.44875,0.29959,0.23215,0.09158,0.0006687072
NEU-DET,Full-SFT,neu_det_full_sft_seed824,15,1.68137,2.5201,1.80718,6.008649999999999,2.15971,3.27422,2.18676,7.62069,0.30718,0.40957,0.25104,0.10303,0.0006124154000000001
NEU-DET,Full-SFT,neu_det_full_sft_seed824,16,1.56309,2.38981,1.68998,5.642880000000001,2.02424,3.31851,2.09946,7.442209999999999,0.3715,0.33879,0.26146,0.11012,0.0005555
NEU-DET,Full-SFT,neu_det_full_sft_seed824,17,1.5691,2.25201,1.68942,5.51053,2.05561,3.57996,2.15042,7.78599,0.43659,0.42126,0.33522,0.14396,0.000498584
NEU-DET,Full-SFT,neu_det_full_sft_seed824,18,1.56272,2.29909,1.66657,5.52838,2.00991,3.35885,2.12115,7.48991,0.50986,0.44361,0.38075,0.17225,0.0004422922
NEU-DET,Full-SFT,neu_det_full_sft_seed824,19,1.55539,2.15915,1.6746,5.38914,1.9601,2.95279,2.08531,6.998200000000001,0.52189,0.46933,0.40662,0.17751,0.0003872404
NEU-DET,Full-SFT,neu_det_full_sft_seed824,20,1.5323,2.13782,1.65019,5.32031,1.91269,2.82996,2.0234,6.76605,0.58936,0.45567,0.41914,0.18484,0.0003340318
NEU-DET,Full-SFT,neu_det_full_sft_seed824,21,1.66656,2.71722,1.76379,6.14757,1.95717,3.09491,2.04875,7.10083,0.55875,0.46593,0.41021,0.18638,0.00028325000000000003
NEU-DET,Full-SFT,neu_det_full_sft_seed824,22,1.63112,2.53976,1.80713,5.978009999999999,1.97091,3.16324,2.0646,7.19875,0.38928,0.51241,0.41784,0.18476,0.0002354508
NEU-DET,Full-SFT,neu_det_full_sft_seed824,23,1.70645,2.51227,1.84744,6.06616,1.94989,3.10363,2.05909,7.11261,0.42472,0.52514,0.43019,0.18882,0.00019115824
NEU-DET,Full-SFT,neu_det_full_sft_seed824,24,1.58433,2.5155,1.77453,5.874359999999999,1.90389,3.00005,2.02649,6.93043,0.44587,0.50817,0.45368,0.2028,0.00015085754
NEU-DET,Full-SFT,neu_det_full_sft_seed824,25,1.56943,2.3977,1.71257,5.6797,1.83814,2.90161,1.96895,6.7087,0.43419,0.53687,0.48754,0.22788,0.00011499046
NEU-DET,Full-SFT,neu_det_full_sft_seed824,26,1.51683,2.38832,1.6847,5.58985,1.81604,2.84714,1.94996,6.6131400000000005,0.70583,0.44606,0.49895,0.24004,8.394918e-05
NEU-DET,Full-SFT,neu_det_full_sft_seed824,27,1.53021,2.326,1.71778,5.57399,1.79371,2.81012,1.92457,6.5284,0.67107,0.48935,0.50564,0.24508,5.80745e-05
NEU-DET,Full-SFT,neu_det_full_sft_seed824,28,1.50126,2.25401,1.65838,5.4136500000000005,1.79364,2.76039,1.91859,6.47262,0.65354,0.48266,0.51112,0.24522,3.7649700000000006e-05
NEU-DET,Full-SFT,neu_det_full_sft_seed824,29,1.49326,2.40586,1.67331,5.57243,1.78988,2.80702,1.91954,6.516439999999999,0.64844,0.48611,0.51227,0.24395,2.289862e-05
NEU-DET,Full-SFT,neu_det_full_sft_seed824,30,1.46424,2.30986,1.64222,5.41632,1.78338,2.80622,1.91212,6.50172,0.63942,0.49351,0.51248,0.24575,1.3982846e-05
NEU-DET,Frozen Backbone,neu_det_frozen_backbone_seed824,1,1.88405,3.83568,1.85049,7.57022,2.0635,4.2125,2.08961,8.36561,0.01094,0.57229,0.02901,0.00894,0.000132
NEU-DET,Frozen Backbone,neu_det_frozen_backbone_seed824,2,1.55155,3.64649,1.6968,6.89484,1.9359,4.1863,2.05355,8.17575,0.00823,0.76369,0.1332,0.05017,0.0002742542
NEU-DET,Frozen Backbone,neu_det_frozen_backbone_seed824,3,1.71483,3.58247,1.81063,7.10793,1.9592,4.13509,2.1066,8.20089,0.00774,0.82473,0.13482,0.05395,0.00041347880000000006
NEU-DET,Frozen Backbone,neu_det_frozen_backbone_seed824,4,1.58414,3.3986,1.76197,6.7447099999999995,2.16916,4.09337,2.24164,8.50417,0.00729,0.80796,0.11343,0.03988,0.0005474084
NEU-DET,Frozen Backbone,neu_det_frozen_backbone_seed824,5,1.65817,3.25011,1.74943,6.65771,2.17358,3.8794,2.35918,8.41216,0.71979,0.08153,0.17281,0.05747,0.0006738718
NEU-DET,Frozen Backbone,neu_det_frozen_backbone_seed824,6,1.74228,3.15293,1.85303,6.748240000000001,2.22162,3.69637,2.32104,8.23903,0.46231,0.20467,0.13881,0.0508,0.0007908291999999999
NEU-DET,Frozen Backbone,neu_det_frozen_backbone_seed824,7,1.66151,2.86044,1.77598,6.29793,2.27696,3.59096,2.31875,8.18667,0.29116,0.3064,0.16525,0.05969,0.0008964079999999999
NEU-DET,Frozen Backbone,neu_det_frozen_backbone_seed824,8,1.70474,2.82188,1.80837,6.33499,2.23403,3.78835,2.32166,8.34404,0.17701,0.38943,0.18402,0.06819,0.0009601418
NEU-DET,Frozen Backbone,neu_det_frozen_backbone_seed824,9,1.64168,2.62627,1.74682,6.01477,2.11817,3.87332,2.28684,8.27833,0.20597,0.44707,0.2389,0.0923,0.000919842
NEU-DET,Frozen Backbone,neu_det_frozen_backbone_seed824,10,1.69032,2.69729,1.81004,6.19765,2.09667,4.15091,2.26738,8.514959999999999,0.26929,0.35955,0.27737,0.10129,0.0008755498
NEU-DET,Frozen Backbone,neu_det_frozen_backbone_seed824,11,1.65145,2.54068,1.76689,5.959020000000001,2.05497,4.54006,2.22791,8.822940000000001,0.28147,0.4382,0.29895,0.11711,0.00082775
NEU-DET,Frozen Backbone,neu_det_frozen_backbone_seed824,12,1.68009,2.60227,1.77978,6.062139999999999,2.12708,3.8224,2.25288,8.202359999999999,0.30292,0.38466,0.30659,0.12539,0.0007769684
NEU-DET,Frozen Backbone,neu_det_frozen_backbone_seed824,13,1.60761,2.49426,1.73141,5.83328,2.13684,3.52702,2.24996,7.913819999999999,0.29459,0.44738,0.31783,0.13105,0.0007237602
NEU-DET,Frozen Backbone,neu_det_frozen_backbone_seed824,14,1.57192,2.305,1.68721,5.5641300000000005,2.04146,3.73441,2.13251,7.908379999999999,0.53686,0.45814,0.34723,0.15161,0.0006687072
NEU-DET,Frozen Backbone,neu_det_frozen_backbone_seed824,15,1.58904,2.53902,1.72073,5.848789999999999,2.00105,3.81281,2.09719,7.9110499999999995,0.47207,0.48782,0.3405,0.14028,0.0006124154000000001
NEU-DET,Frozen Backbone,neu_det_frozen_backbone_seed824,16,1.54799,2.30427,1.67395,5.52621,1.99008,3.57837,2.11436,7.68281,0.52302,0.45819,0.35815,0.14222,0.0005555
NEU-DET,Frozen Backbone,neu_det_frozen_backbone_seed824,17,1.54406,2.28806,1.69271,5.52483,1.9855,3.34751,2.12163,7.4546399999999995,0.50254,0.48205,0.38684,0.15635,0.000498584
NEU-DET,Frozen Backbone,neu_det_frozen_backbone_seed824,18,1.5044,2.27165,1.63471,5.41076,1.92314,3.20819,2.03272,7.16405,0.52832,0.47469,0.40775,0.17841,0.0004422922
NEU-DET,Frozen Backbone,neu_det_frozen_backbone_seed824,19,1.5475,2.2394,1.6684,5.4553,1.90415,2.96036,2.01326,6.87777,0.56402,0.46582,0.41624,0.18334,0.0003872404
NEU-DET,Frozen Backbone,neu_det_frozen_backbone_seed824,20,1.522,2.19515,1.65854,5.3756900000000005,1.94132,2.85246,2.04064,6.83442,0.55317,0.42889,0.39972,0.17256,0.0003340318
NEU-DET,Frozen Backbone,neu_det_frozen_backbone_seed824,21,1.55225,2.60006,1.70634,5.85865,1.91676,2.83174,2.01623,6.76473,0.57909,0.44108,0.41782,0.18104,0.00028325000000000003
NEU-DET,Frozen Backbone,neu_det_frozen_backbone_seed824,22,1.482,2.51286,1.70324,5.6981,1.89046,2.80471,1.98246,6.677630000000001,0.62464,0.43599,0.43639,0.19202,0.0002354508
NEU-DET,Frozen Backbone,neu_det_frozen_backbone_seed824,23,1.52175,2.40566,1.72482,5.65223,1.86008,2.81578,1.97504,6.6509,0.55462,0.49764,0.44924,0.19789,0.00019115824
NEU-DET,Frozen Backbone,neu_det_frozen_backbone_seed824,24,1.46449,2.47588,1.69815,5.63852,1.83378,2.78257,1.96362,6.57997,0.63994,0.42098,0.47405,0.2053,0.00015085754
NEU-DET,Frozen Backbone,neu_det_frozen_backbone_seed824,25,1.52065,2.41282,1.67593,5.6094,1.82721,2.77791,1.96065,6.56577,0.56679,0.50055,0.47421,0.20601,0.00011499046
NEU-DET,Frozen Backbone,neu_det_frozen_backbone_seed824,26,1.46861,2.34317,1.67905,5.49083,1.81816,2.76195,1.95431,6.534420000000001,0.59756,0.47032,0.46779,0.20626,8.394918e-05
NEU-DET,Frozen Backbone,neu_det_frozen_backbone_seed824,27,1.39731,2.36181,1.62703,5.386150000000001,1.81449,2.73614,1.95506,6.5056899999999995,0.58958,0.50081,0.48535,0.21156,5.80745e-05
NEU-DET,Frozen Backbone,neu_det_frozen_backbone_seed824,28,1.41651,2.2762,1.62493,5.31764,1.80998,2.72123,1.95526,6.48647,0.62117,0.48575,0.48532,0.21366,3.7649700000000006e-05
NEU-DET,Frozen Backbone,neu_det_frozen_backbone_seed824,29,1.42271,2.32161,1.6166,5.36092,1.80922,2.73458,1.9578,6.5016,0.61869,0.48852,0.48682,0.21431,2.289862e-05
NEU-DET,Frozen Backbone,neu_det_frozen_backbone_seed824,30,1.39286,2.28138,1.61758,5.29182,1.80857,2.7349,1.95819,6.50166,0.60706,0.51643,0.49416,0.21702,1.3982846e-05
NEU-DET,V-PEFT,neu_det_vpeft_seed824,1,2.00646,3.89015,1.98797,7.884580000000001,2.34562,4.38825,2.32357,9.05744,0.00665,0.37397,0.00539,0.00152,0.00010800000000000001
NEU-DET,V-PEFT,neu_det_vpeft_seed824,2,1.82552,3.84721,1.93013,7.60286,2.53063,4.54254,2.47595,9.549119999999998,0.00426,0.35253,0.00572,0.00198,0.00022438983333333332
NEU-DET,V-PEFT,neu_det_vpeft_seed824,3,1.9499,3.81685,2.0241,7.79085,2.51646,4.4862,2.454,9.456660000000001,0.00353,0.34923,0.03153,0.01161,0.000338301
NEU-DET,V-PEFT,neu_det_vpeft_seed824,4,1.87028,3.78724,2.00489,7.6624099999999995,2.56361,4.46047,2.45123,9.47531,0.00476,0.37458,0.03112,0.01309,0.0004478796666666667
NEU-DET,V-PEFT,neu_det_vpeft_seed824,5,1.69548,3.6576,1.78325,7.13633,2.55301,4.43656,2.4109,9.40047,0.00541,0.4237,0.03979,0.01674,0.00055135
NEU-DET,V-PEFT,neu_det_vpeft_seed824,6,1.76792,3.53886,1.8527,7.15948,2.50289,4.36842,2.34634,9.21765,0.00649,0.5515,0.06932,0.02945,0.0006470423333333333
NEU-DET,V-PEFT,neu_det_vpeft_seed824,7,1.65359,3.43201,1.78749,6.8730899999999995,2.5025,4.18466,2.35932,9.04648,0.00663,0.65044,0.09362,0.03937,0.0007334253333333334
NEU-DET,V-PEFT,neu_det_vpeft_seed824,8,1.66387,3.34661,1.78737,6.79785,2.28072,3.9207,2.22967,8.431090000000001,0.63988,0.06088,0.11586,0.0509,0.0007855711666666667
NEU-DET,V-PEFT,neu_det_vpeft_seed824,9,1.55971,3.14609,1.70547,6.41127,2.24589,3.89116,2.24663,8.38368,0.18657,0.11109,0.09678,0.03691,0.000752598
NEU-DET,V-PEFT,neu_det_vpeft_seed824,10,1.62197,3.05736,1.78037,6.4597,2.25963,3.83064,2.23459,8.324860000000001,0.3002,0.09729,0.09824,0.03921,0.0007163585
NEU-DET,V-PEFT,neu_det_vpeft_seed824,11,1.58779,3.00748,1.73854,6.33381,2.14343,3.66245,2.12357,7.92945,0.13641,0.20846,0.12367,0.04848,0.00067725
NEU-DET,V-PEFT,neu_det_vpeft_seed824,12,1.62169,2.91949,1.75507,6.296250000000001,2.05128,3.64228,2.07785,7.7714099999999995,0.20172,0.24771,0.16889,0.0703,0.0006357013333333333
NEU-DET,V-PEFT,neu_det_vpeft_seed824,13,1.53882,2.78078,1.6797,5.9993,2.01757,3.69058,2.09118,7.799329999999999,0.22492,0.28812,0.20665,0.09294,0.0005921668333333333
NEU-DET,V-PEFT,neu_det_vpeft_seed824,14,1.58538,2.70313,1.7006,5.989109999999999,1.92864,3.52058,2.04221,7.491429999999999,0.28925,0.28785,0.25702,0.11128,0.0005471245
NEU-DET,V-PEFT,neu_det_vpeft_seed824,15,1.59867,2.90071,1.7695,6.26888,1.86944,3.4486,2.00493,7.32297,0.27759,0.3391,0.2844,0.12326,0.0005010676666666666
NEU-DET,V-PEFT,neu_det_vpeft_seed824,16,1.58242,2.65093,1.72723,5.96058,1.84799,3.32252,1.98511,7.15562,0.3283,0.31466,0.29106,0.12952,0.00045450000000000004
NEU-DET,V-PEFT,neu_det_vpeft_seed824,17,1.52976,2.63918,1.70527,5.87421,1.86028,3.21627,2.00811,7.0846599999999995,0.42989,0.31446,0.31526,0.13653,0.00040793233333333333
NEU-DET,V-PEFT,neu_det_vpeft_seed824,18,1.50986,2.60461,1.65254,5.76701,1.84643,3.1574,1.99141,6.99524,0.49006,0.30903,0.33156,0.13881,0.00036187549999999995
NEU-DET,V-PEFT,neu_det_vpeft_seed824,19,1.50314,2.50468,1.67555,5.68337,1.81824,3.11657,1.95922,6.89403,0.32652,0.3772,0.33922,0.14568,0.00031683316666666667
NEU-DET,V-PEFT,neu_det_vpeft_seed824,20,1.54939,2.53051,1.70056,5.780460000000001,1.81942,3.09004,1.94546,6.85492,0.34438,0.39574,0.35027,0.15073,0.00027329866666666664
NEU-DET,V-PEFT,neu_det_vpeft_seed824,21,1.76665,3.10496,1.87534,6.74695,1.83131,3.0874,1.93724,6.85595,0.34824,0.36615,0.35956,0.15879,0.00023175
NEU-DET,V-PEFT,neu_det_vpeft_seed824,22,1.67445,2.95821,1.84161,6.47427,1.80717,3.0164,1.92553,6.7491,0.37874,0.38576,0.38781,0.17559,0.0001926415
NEU-DET,V-PEFT,neu_det_vpeft_seed824,23,1.70114,2.88775,1.85973,6.44862,1.78806,2.98791,1.91579,6.69176,0.40313,0.39226,0.39666,0.17985,0.00015640203333333334
NEU-DET,V-PEFT,neu_det_vpeft_seed824,24,1.62471,2.88962,1.8061,6.32043,1.77198,2.97827,1.90339,6.65364,0.41555,0.38257,0.3995,0.18276,0.00012342878333333334
NEU-DET,V-PEFT,neu_det_vpeft_seed824,25,1.61182,2.823,1.7676,6.20242,1.76234,2.94427,1.90342,6.610029999999999,0.43073,0.38752,0.40826,0.18655,9.408320000000001e-05
NEU-DET,V-PEFT,neu_det_vpeft_seed824,26,1.55591,2.76083,1.75725,6.073989999999999,1.76748,2.90923,1.91332,6.59003,0.45391,0.36025,0.40986,0.18875,6.868566666666667e-05
NEU-DET,V-PEFT,neu_det_vpeft_seed824,27,1.53945,2.65449,1.72565,5.9195899999999995,1.7644,2.89095,1.909,6.56435,0.47551,0.35492,0.41659,0.19095,4.7515499999999996e-05
NEU-DET,V-PEFT,neu_det_vpeft_seed824,28,1.63222,2.7561,1.778,6.166320000000001,1.75518,2.90396,1.89871,6.55785,0.47485,0.35087,0.41118,0.18881,3.08043e-05
NEU-DET,V-PEFT,neu_det_vpeft_seed824,29,1.62856,2.84318,1.7995,6.27124,1.7479,2.90045,1.89504,6.5433900000000005,0.43489,0.36329,0.41255,0.18645,1.8735216666666666e-05
NEU-DET,V-PEFT,neu_det_vpeft_seed824,30,1.52914,2.71359,1.6965,5.93923,1.74377,2.891,1.88954,6.52431,0.49426,0.33687,0.41764,0.19123,1.1440521666666669e-05
DeepPCB,Full-SFT,deeppcb_full_sft_seed824,1,3.6333,4.89734,2.15136,10.682,3.20435,4.84515,1.92207,9.97157,0.00054,0.0184,2e-05,1e-05,0.000132
DeepPCB,Full-SFT,deeppcb_full_sft_seed824,2,2.50044,4.47015,1.5003,8.47089,1.91877,4.39921,1.21025,7.528230000000001,0.00763,0.14423,0.00308,0.00079,0.0002742542
DeepPCB,Full-SFT,deeppcb_full_sft_seed824,3,2.07728,4.09476,1.30995,7.48199,1.7168,4.3333,1.119,7.1691,0.01498,0.2936,0.01191,0.00297,0.00041347880000000006
DeepPCB,Full-SFT,deeppcb_full_sft_seed824,4,1.94404,3.72501,1.19808,6.86713,1.65983,4.15699,1.06301,6.87983,0.01692,0.49853,0.04458,0.01217,0.0005474084
DeepPCB,Full-SFT,deeppcb_full_sft_seed824,5,1.94052,3.35622,1.15598,6.452719999999999,1.5766,3.91573,1.06809,6.56042,0.01734,0.67447,0.08885,0.03167,0.0006738718
DeepPCB,Full-SFT,deeppcb_full_sft_seed824,6,1.84091,3.09197,1.16406,6.09694,1.6483,3.79629,1.08378,6.52837,0.09441,0.08133,0.09251,0.03736,0.0007908291999999999
DeepPCB,Full-SFT,deeppcb_full_sft_seed824,7,1.78422,2.95559,1.12348,5.86329,1.56725,3.48386,1.07401,6.125119999999999,0.36012,0.11548,0.13617,0.05968,0.0008964079999999999
DeepPCB,Full-SFT,deeppcb_full_sft_seed824,8,1.81081,2.8067,1.15445,5.77196,1.62431,3.20229,1.09581,5.92241,0.17929,0.22513,0.18187,0.07995,0.0009601418
DeepPCB,Full-SFT,deeppcb_full_sft_seed824,9,1.72481,2.59099,1.13582,5.45162,1.55892,3.0539,1.06298,5.675800000000001,0.29969,0.25595,0.20365,0.08967,0.000919842
DeepPCB,Full-SFT,deeppcb_full_sft_seed824,10,1.70764,2.51617,1.12558,5.3493900000000005,1.53227,2.74315,1.07085,5.3462700000000005,0.34834,0.46246,0.29949,0.13839,0.0008755498
DeepPCB,Full-SFT,deeppcb_full_sft_seed824,11,1.65353,2.30873,1.12604,5.0883,1.65377,2.81378,1.11839,5.58594,0.28973,0.42413,0.23623,0.09031,0.00082775
DeepPCB,Full-SFT,deeppcb_full_sft_seed824,12,1.58569,2.2309,1.09406,4.91065,1.78456,2.88929,1.15652,5.83037,0.25186,0.36667,0.19962,0.06321,0.0007769684
DeepPCB,Full-SFT,deeppcb_full_sft_seed824,13,1.53426,2.15828,1.08858,4.7811200000000005,1.57384,2.31585,1.12751,5.0172,0.40185,0.51944,0.41389,0.19664,0.0007237602
DeepPCB,Full-SFT,deeppcb_full_sft_seed824,14,1.69337,2.12312,1.12406,4.94055,1.98533,2.60359,1.25899,5.84791,0.36538,0.38925,0.31782,0.10494,0.0006687072
DeepPCB,Full-SFT,deeppcb_full_sft_seed824,15,1.50356,2.09982,1.10181,4.70519,1.81331,2.44678,1.19431,5.4544,0.37868,0.44583,0.37369,0.14391,0.0006124154000000001
DeepPCB,Full-SFT,deeppcb_full_sft_seed824,16,1.49115,1.99792,1.05136,4.54043,1.81518,2.41226,1.18629,5.413729999999999,0.40745,0.44869,0.39228,0.14096,0.0005555
DeepPCB,Full-SFT,deeppcb_full_sft_seed824,17,1.37949,1.90681,1.0492,4.3355,1.43769,2.02778,1.08233,4.5478,0.48119,0.54442,0.50234,0.26884,0.000498584
DeepPCB,Full-SFT,deeppcb_full_sft_seed824,18,1.50703,1.89921,1.06666,4.4729,1.43584,1.98415,1.08197,4.50196,0.46652,0.58092,0.51531,0.27044,0.0004422922
DeepPCB,Full-SFT,deeppcb_full_sft_seed824,19,1.48565,1.88517,1.03997,4.41079,1.72552,2.1516,1.16018,5.0373,0.44853,0.52741,0.4621,0.17518,0.0003872404
DeepPCB,Full-SFT,deeppcb_full_sft_seed824,20,1.46684,1.93216,1.05095,4.44995,1.63828,2.09856,1.12692,4.86376,0.4798,0.55113,0.49889,0.19652,0.0003340318
DeepPCB,Full-SFT,deeppcb_full_sft_seed824,21,1.40124,1.94713,1.08139,4.42976,1.35345,1.89836,1.05137,4.303179999999999,0.51641,0.60244,0.57192,0.306,0.00028325000000000003
DeepPCB,Full-SFT,deeppcb_full_sft_seed824,22,1.33207,1.78734,1.04114,4.160550000000001,1.28132,1.84933,1.04406,4.17471,0.52924,0.60464,0.58218,0.3521,0.0002354508
DeepPCB,Full-SFT,deeppcb_full_sft_seed824,23,1.34854,1.82813,1.06289,4.23956,1.30621,1.87479,1.04792,4.2289200000000005,0.54598,0.6181,0.58232,0.34426,0.00019115824
DeepPCB,Full-SFT,deeppcb_full_sft_seed824,24,1.3075,1.79797,1.05822,4.163690000000001,1.34145,1.87878,1.05315,4.2733799999999995,0.55952,0.61793,0.58931,0.33298,0.00015085754
DeepPCB,Full-SFT,deeppcb_full_sft_seed824,25,1.32285,1.74421,1.03791,4.10497,1.31182,1.83583,1.04357,4.19122,0.57903,0.61821,0.60896,0.34931,0.00011499046
DeepPCB,Full-SFT,deeppcb_full_sft_seed824,26,1.27316,1.69566,1.02812,3.99694,1.25818,1.78084,1.02905,4.06807,0.58641,0.6282,0.62691,0.37835,8.394918e-05
DeepPCB,Full-SFT,deeppcb_full_sft_seed824,27,1.23277,1.62616,1.0262,3.88513,1.22463,1.74344,1.0226,3.9906699999999997,0.59408,0.63523,0.63683,0.39768,5.80745e-05
DeepPCB,Full-SFT,deeppcb_full_sft_seed824,28,1.20364,1.64731,1.01885,3.8698,1.21122,1.71981,1.02125,3.95228,0.59523,0.63822,0.64025,0.40741,3.7649700000000006e-05
DeepPCB,Full-SFT,deeppcb_full_sft_seed824,29,1.15056,1.59904,1.02175,3.77135,1.21232,1.71909,1.02209,3.9535,0.59821,0.63365,0.64056,0.40737,2.289862e-05
DeepPCB,Full-SFT,deeppcb_full_sft_seed824,30,1.19261,1.66834,1.01586,3.87681,1.20619,1.71092,1.02151,3.9386200000000002,0.59767,0.63462,0.64136,0.41067,1.3982846e-05
DeepPCB,Frozen Backbone,deeppcb_frozen_backbone_seed824,1,3.70181,4.9042,2.18421,10.790220000000001,3.23426,4.91835,2.06094,10.21355,0.00084,0.05018,0.00079,0.00023,0.000132
DeepPCB,Frozen Backbone,deeppcb_frozen_backbone_seed824,2,2.75984,4.54746,1.60976,8.91706,2.14208,4.53483,1.39745,8.07436,0.00299,0.15053,0.03502,0.00951,0.0002742542
DeepPCB,Frozen Backbone,deeppcb_frozen_backbone_seed824,3,2.21691,4.20126,1.35461,7.77278,1.78378,4.39121,1.18769,7.36268,0.01238,0.3341,0.07006,0.02472,0.00041347880000000006
DeepPCB,Frozen Backbone,deeppcb_frozen_backbone_seed824,4,2.09412,3.91369,1.27406,7.28187,1.75462,4.20438,1.13291,7.0919099999999995,0.01434,0.54637,0.08403,0.02419,0.0005474084
DeepPCB,Frozen Backbone,deeppcb_frozen_backbone_seed824,5,2.04047,3.58803,1.2043,6.8328,1.73813,3.93152,1.11789,6.78754,0.435,0.0745,0.07999,0.03288,0.0006738718
DeepPCB,Frozen Backbone,deeppcb_frozen_backbone_seed824,6,1.93686,3.37233,1.17191,6.4811,1.79796,3.62845,1.17971,6.60612,0.29646,0.17417,0.11032,0.04127,0.0007908291999999999
DeepPCB,Frozen Backbone,deeppcb_frozen_backbone_seed824,7,1.85968,3.0562,1.17242,6.088299999999999,1.62244,3.32341,1.08684,6.0326900000000006,0.31731,0.25208,0.13928,0.06477,0.0008964079999999999
DeepPCB,Frozen Backbone,deeppcb_frozen_backbone_seed824,8,1.89908,2.94163,1.17924,6.01995,1.60939,3.08568,1.09038,5.78545,0.24039,0.31512,0.18673,0.09392,0.0009601418
DeepPCB,Frozen Backbone,deeppcb_frozen_backbone_seed824,9,1.74831,2.71439,1.13832,5.60102,1.68369,2.98655,1.12624,5.79648,0.21638,0.32738,0.20561,0.10002,0.000919842
DeepPCB,Frozen Backbone,deeppcb_frozen_backbone_seed824,10,1.81027,2.68459,1.15143,5.6462900000000005,1.56719,2.81653,1.0892,5.47292,0.23712,0.3961,0.23236,0.12086,0.0008755498
DeepPCB,Frozen Backbone,deeppcb_frozen_backbone_seed824,11,1.72045,2.54875,1.10429,5.373489999999999,1.51468,2.57965,1.101,5.19533,0.30378,0.43689,0.29831,0.15543,0.00082775
DeepPCB,Frozen Backbone,deeppcb_frozen_backbone_seed824,12,1.72432,2.41212,1.13042,5.26686,1.49404,2.50669,1.09603,5.09676,0.31032,0.40348,0.31489,0.16481,0.0007769684
DeepPCB,Frozen Backbone,deeppcb_frozen_backbone_seed824,13,1.62906,2.38441,1.10208,5.11555,1.46293,2.43248,1.09194,4.98735,0.29857,0.47437,0.34788,0.17644,0.0007237602
DeepPCB,Frozen Backbone,deeppcb_frozen_backbone_seed824,14,1.6904,2.36977,1.11879,5.178959999999999,1.44969,2.36068,1.09605,4.90642,0.3308,0.48104,0.37207,0.19872,0.0006687072
DeepPCB,Frozen Backbone,deeppcb_frozen_backbone_seed824,15,1.59563,2.32272,1.126,5.04435,1.45064,2.30752,1.0981,4.85626,0.36103,0.46478,0.38958,0.21595,0.0006124154000000001
DeepPCB,Frozen Backbone,deeppcb_frozen_backbone_seed824,16,1.62066,2.22735,1.07857,4.9265799999999995,1.48244,2.36446,1.08647,4.93337,0.36112,0.42558,0.37439,0.18428,0.0005555
DeepPCB,Frozen Backbone,deeppcb_frozen_backbone_seed824,17,1.53685,2.22174,1.07599,4.83458,1.44808,2.29399,1.07491,4.81698,0.36308,0.46477,0.39727,0.20373,0.000498584
DeepPCB,Frozen Backbone,deeppcb_frozen_backbone_seed824,18,1.51438,2.18148,1.05671,4.75257,1.42556,2.19928,1.06874,4.69358,0.37884,0.48355,0.42537,0.2307,0.0004422922
DeepPCB,Frozen Backbone,deeppcb_frozen_backbone_seed824,19,1.58877,2.11041,1.06751,4.7666900000000005,1.42967,2.18646,1.06845,4.68458,0.39171,0.46285,0.42926,0.22801,0.0003872404
DeepPCB,Frozen Backbone,deeppcb_frozen_backbone_seed824,20,1.56606,2.18127,1.06728,4.81461,1.42099,2.19805,1.06436,4.6834,0.36326,0.50366,0.42099,0.22126,0.0003340318
DeepPCB,Frozen Backbone,deeppcb_frozen_backbone_seed824,21,1.42139,2.074,1.06661,4.561999999999999,1.3989,2.17081,1.05981,4.629519999999999,0.39398,0.50722,0.43607,0.23283,0.00028325000000000003
DeepPCB,Frozen Backbone,deeppcb_frozen_backbone_seed824,22,1.41177,2.02405,1.04945,4.48527,1.35978,2.10064,1.04897,4.50939,0.4383,0.53294,0.46734,0.26265,0.0002354508
DeepPCB,Frozen Backbone,deeppcb_frozen_backbone_seed824,23,1.43603,2.04351,1.07865,4.55819,1.33921,2.05624,1.04216,4.437609999999999,0.46879,0.54404,0.48969,0.28796,0.00019115824
DeepPCB,Frozen Backbone,deeppcb_frozen_backbone_seed824,24,1.39251,1.94984,1.06433,4.40668,1.3377,2.0415,1.04081,4.4200099999999996,0.48393,0.52825,0.49879,0.29441,0.00015085754
DeepPCB,Frozen Backbone,deeppcb_frozen_backbone_seed824,25,1.41271,1.97121,1.06062,4.44454,1.33833,2.04248,1.03889,4.4197,0.48501,0.5386,0.5007,0.29269,0.00011499046
DeepPCB,Frozen Backbone,deeppcb_frozen_backbone_seed824,26,1.39666,1.95377,1.04451,4.39494,1.3351,2.03871,1.03733,4.41114,0.48008,0.5469,0.5052,0.29156,8.394918e-05
DeepPCB,Frozen Backbone,deeppcb_frozen_backbone_seed824,27,1.36472,1.90225,1.03445,4.30142,1.33184,2.03142,1.03694,4.4002,0.47827,0.55383,0.50946,0.29393,5.80745e-05
DeepPCB,Frozen Backbone,deeppcb_frozen_backbone_seed824,28,1.36673,1.90678,1.03331,4.30682,1.3265,2.02219,1.03577,4.384460000000001,0.48133,0.55369,0.51219,0.29558,3.7649700000000006e-05
DeepPCB,Frozen Backbone,deeppcb_frozen_backbone_seed824,29,1.34064,1.88376,1.05006,4.27446,1.32461,2.01724,1.03627,4.37812,0.47699,0.56533,0.51335,0.29735,2.289862e-05
DeepPCB,Frozen Backbone,deeppcb_frozen_backbone_seed824,30,1.32971,1.92692,1.02972,4.28635,1.321,2.0128,1.03574,4.369540000000001,0.47814,0.5634,0.51585,0.30065,1.3982846e-05
DeepPCB,V-PEFT,deeppcb_vpeft_seed824,1,3.7701,4.94806,2.25687,10.97503,3.4903,5.04925,2.30046,10.84001,0.00018,0.00802,1e-05,0.0,0.00010800000000000001
DeepPCB,V-PEFT,deeppcb_vpeft_seed824,2,3.20682,4.83187,1.95364,9.99233,2.82795,4.8634,1.91087,9.602219999999999,0.00026,0.00976,1e-05,0.0,0.00022438983333333332
DeepPCB,V-PEFT,deeppcb_vpeft_seed824,3,2.59743,4.58167,1.67964,8.858740000000001,2.23403,4.67831,1.54487,8.45721,0.00079,0.02506,6e-05,2e-05,0.000338301
DeepPCB,V-PEFT,deeppcb_vpeft_seed824,4,2.26351,4.36637,1.48486,8.11474,1.75122,4.55685,1.28826,7.59633,0.00164,0.04766,0.00074,0.00018,0.0004478796666666667
DeepPCB,V-PEFT,deeppcb_vpeft_seed824,5,2.22617,4.07368,1.42825,7.728100000000001,1.73061,4.4451,1.27324,7.44895,0.0014,0.05373,0.00111,0.00026,0.00055135
DeepPCB,V-PEFT,deeppcb_vpeft_seed824,6,2.13169,3.81209,1.37745,7.32123,1.76964,4.17562,1.23498,7.18024,0.00735,0.23,0.02335,0.0103,0.0006470423333333333
DeepPCB,V-PEFT,deeppcb_vpeft_seed824,7,1.9862,3.60401,1.28398,6.87419,1.70258,3.89206,1.17156,6.7661999999999995,0.01453,0.53488,0.0794,0.0385,0.0007334253333333334
DeepPCB,V-PEFT,deeppcb_vpeft_seed824,8,2.01661,3.42587,1.2801,6.72258,1.62539,3.49167,1.16622,6.28328,0.46167,0.15171,0.11413,0.05951,0.0007855711666666667
DeepPCB,V-PEFT,deeppcb_vpeft_seed824,9,1.89082,3.09542,1.25249,6.238729999999999,1.64519,3.19572,1.1962,6.03711,0.12806,0.29151,0.13025,0.06022,0.000752598
DeepPCB,V-PEFT,deeppcb_vpeft_seed824,10,1.93047,2.99722,1.25758,6.18527,1.59276,3.07909,1.16385,5.8357,0.14713,0.32245,0.13686,0.06585,0.0007163585
DeepPCB,V-PEFT,deeppcb_vpeft_seed824,11,1.82657,2.88976,1.20997,5.9263,1.56427,2.96156,1.17866,5.70449,0.18421,0.36797,0.17552,0.07713,0.00067725
DeepPCB,V-PEFT,deeppcb_vpeft_seed824,12,1.80084,2.78585,1.19821,5.7849,1.51571,2.75216,1.17656,5.4444300000000005,0.21408,0.41211,0.22468,0.10788,0.0006357013333333333
DeepPCB,V-PEFT,deeppcb_vpeft_seed824,13,1.7134,2.69085,1.18953,5.593780000000001,1.47349,2.59356,1.15214,5.21919,0.24549,0.37397,0.25302,0.127,0.0005921668333333333
DeepPCB,V-PEFT,deeppcb_vpeft_seed824,14,1.81716,2.64161,1.21221,5.67098,1.49548,2.6018,1.14165,5.23893,0.26766,0.35074,0.2612,0.12369,0.0005471245
DeepPCB,V-PEFT,deeppcb_vpeft_seed824,15,1.68741,2.59477,1.18151,5.463690000000001,1.52325,2.57916,1.14556,5.24797,0.28042,0.36459,0.27929,0.13449,0.0005010676666666666
DeepPCB,V-PEFT,deeppcb_vpeft_seed824,16,1.7165,2.52868,1.14671,5.391889999999999,1.5674,2.6038,1.15323,5.3244299999999996,0.27699,0.4019,0.28062,0.12332,0.00045450000000000004
DeepPCB,V-PEFT,deeppcb_vpeft_seed824,17,1.62945,2.46695,1.15062,5.24702,1.52351,2.50489,1.1442,5.172599999999999,0.29615,0.4188,0.31715,0.15363,0.00040793233333333333
DeepPCB,V-PEFT,deeppcb_vpeft_seed824,18,1.63739,2.43018,1.13735,5.2049199999999995,1.43078,2.37252,1.11949,4.92279,0.31311,0.44613,0.34546,0.18436,0.00036187549999999995
DeepPCB,V-PEFT,deeppcb_vpeft_seed824,19,1.68408,2.39224,1.1378,5.214119999999999,1.40957,2.31344,1.10754,4.83055,0.32413,0.45046,0.3503,0.18698,0.00031683316666666667
DeepPCB,V-PEFT,deeppcb_vpeft_seed824,20,1.65507,2.43592,1.13727,5.22826,1.40845,2.30426,1.10077,4.81348,0.32313,0.47517,0.35216,0.18105,0.00027329866666666664
DeepPCB,V-PEFT,deeppcb_vpeft_seed824,21,1.5571,2.42969,1.16178,5.14857,1.42857,2.29474,1.1066,4.82991,0.32999,0.46426,0.35981,0.18418,0.00023175
DeepPCB,V-PEFT,deeppcb_vpeft_seed824,22,1.51,2.35172,1.11951,4.98123,1.46568,2.28724,1.12179,4.87471,0.33936,0.45839,0.3642,0.19031,0.0001926415
DeepPCB,V-PEFT,deeppcb_vpeft_seed824,23,1.55264,2.39208,1.1542,5.09892,1.48494,2.29231,1.12973,4.90698,0.32976,0.47407,0.3642,0.18832,0.00015640203333333334
DeepPCB,V-PEFT,deeppcb_vpeft_seed824,24,1.51993,2.32414,1.15113,4.9952,1.44353,2.27793,1.11024,4.8317,0.34606,0.44952,0.37027,0.19632,0.00012342878333333334
DeepPCB,V-PEFT,deeppcb_vpeft_seed824,25,1.55084,2.289,1.13797,4.97781,1.40621,2.27175,1.09458,4.772539999999999,0.34822,0.45889,0.37249,0.20072,9.408320000000001e-05
DeepPCB,V-PEFT,deeppcb_vpeft_seed824,26,1.49958,2.28472,1.11622,4.90052,1.38384,2.26572,1.08471,4.73427,0.34337,0.46193,0.37751,0.2045,6.868566666666667e-05
DeepPCB,V-PEFT,deeppcb_vpeft_seed824,27,1.47059,2.25047,1.10894,4.83,1.37351,2.26396,1.08048,4.71795,0.34775,0.46982,0.38045,0.20416,4.7515499999999996e-05
DeepPCB,V-PEFT,deeppcb_vpeft_seed824,28,1.45976,2.28584,1.10505,4.85065,1.36989,2.25635,1.07903,4.7052700000000005,0.34811,0.46484,0.38467,0.20645,3.08043e-05
DeepPCB,V-PEFT,deeppcb_vpeft_seed824,29,1.44529,2.24156,1.1254,4.812250000000001,1.37425,2.26148,1.0797,4.7154300000000005,0.35534,0.46979,0.38491,0.20557,1.8735216666666666e-05
DeepPCB,V-PEFT,deeppcb_vpeft_seed824,30,1.46941,2.27894,1.116,4.86435,1.37138,2.25665,1.07918,4.70721,0.35421,0.47364,0.38542,0.20659,1.1440521666666669e-05
