dataset,sample_size,method,seed,mAP50-95,mAP50,precision,recall,trainable_params,total_params,trainable_ratio,peak_gpu_memory,elapsed_time,gpu_hours,checkpoint_size,adapter_size,status,exit_code,run_id,source,device,gpu_name,split_hash,artifact_manifest_verified
NEU-DET,10,Full-SFT,824,0.1214267962147083,0.2870734620766395,0.2909257534165233,0.38133581523049825,2590994,2591010,0.9999938248019112,2682.88,192.668,0.0535189,5498650,0,PASS,0,neu_10_full_seed824,immutable_p2_seed824,0,NVIDIA GeForce RTX 4090,0f15c149a2e395943d61427003aba476cd0b0a02599f50168a380b063e062b3f,True
NEU-DET,10,Full-SFT,825,0.10900340745668088,0.28428129526727824,0.3210938526984269,0.3564586780329006,2590994,2591010,0.9999938248019112,2682.88,193.67,0.05379711,5498650,0,PASS,0,neu_10_full_seed825_e100,new_p2_multiseed,4,NVIDIA GeForce RTX 4090,0f15c149a2e395943d61427003aba476cd0b0a02599f50168a380b063e062b3f,True
NEU-DET,10,Full-SFT,826,0.1333085386942851,0.33134248383378123,0.4226716468164084,0.3801402117195678,2590994,2591010,0.9999938248019112,2682.88,191.215,0.05311533,5498650,0,PASS,0,neu_10_full_seed826_e100,new_p2_multiseed,4,NVIDIA GeForce RTX 4090,0f15c149a2e395943d61427003aba476cd0b0a02599f50168a380b063e062b3f,True
NEU-DET,10,Frozen Backbone,824,0.1432168465387196,0.321545558491162,0.34501196282443924,0.3518998809922345,1225522,2591010,0.4729900695095735,1607.68,175.853,0.048848,5498650,0,PASS,0,neu_10_frozen_seed824,immutable_p2_seed824,1,NVIDIA GeForce RTX 4090,0f15c149a2e395943d61427003aba476cd0b0a02599f50168a380b063e062b3f,True
NEU-DET,10,Frozen Backbone,825,0.13126612064098372,0.31611071832588733,0.35675643399458196,0.37371235828741356,1225522,2591010,0.4729900695095735,1607.68,178.592,0.04960889,5498650,0,PASS,0,neu_10_frozen_seed825_e100,new_p2_multiseed,5,NVIDIA GeForce RTX 4090,0f15c149a2e395943d61427003aba476cd0b0a02599f50168a380b063e062b3f,True
NEU-DET,10,Frozen Backbone,826,0.12314085013721812,0.3260779347921708,0.3336500001477501,0.41824388403142293,1225522,2591010,0.4729900695095735,1607.68,174.72,0.04853342,5498650,0,PASS,0,neu_10_frozen_seed826_e100,new_p2_multiseed,5,NVIDIA GeForce RTX 4090,0f15c149a2e395943d61427003aba476cd0b0a02599f50168a380b063e062b3f,True
NEU-DET,10,V-PEFT,824,0.10536051224054682,0.2323102700825018,0.2939914556860772,0.31241069988543485,613602,2772770,0.2212956718371881,2641.92,220.292,0.0611921,6037266,763748,PASS,0,neu_10_vpeft_seed824,immutable_p2_seed824,2,NVIDIA GeForce RTX 4090,0f15c149a2e395943d61427003aba476cd0b0a02599f50168a380b063e062b3f,True
NEU-DET,10,V-PEFT,825,0.12721070602783963,0.27139982029457116,0.2739144767284816,0.4122213864752231,613602,2772770,0.2212956718371881,2641.92,222.664,0.06185111,6037266,763748,PASS,0,neu_10_vpeft_seed825_e100,new_p2_multiseed,6,NVIDIA GeForce RTX 4090,0f15c149a2e395943d61427003aba476cd0b0a02599f50168a380b063e062b3f,True
NEU-DET,10,V-PEFT,826,0.12509319601685423,0.27590651109956116,0.2907095983988833,0.36684173994668545,613602,2772770,0.2212956718371881,2641.92,222.586,0.06182931,6037266,763748,PASS,0,neu_10_vpeft_seed826_e100,new_p2_multiseed,6,NVIDIA GeForce RTX 4090,0f15c149a2e395943d61427003aba476cd0b0a02599f50168a380b063e062b3f,True
NEU-DET,50,Full-SFT,824,0.27933154709227803,0.5550510631251292,0.5071978738289356,0.5653082263351177,2590994,2591010,0.9999938248019112,2682.88,267.608,0.07433555,5498650,0,PASS,0,neu_50_full_seed824,immutable_p2_seed824,0,NVIDIA GeForce RTX 4090,4755e02af870d1af5bdea2bc2b355c1ad62e79a66eaa1ae2fad5545bb83c0f84,True
NEU-DET,50,Full-SFT,825,0.25907652005287524,0.5568702274097155,0.5123436128672351,0.5884644388063948,2590994,2591010,0.9999938248019112,2682.88,268.349,0.07454144,5498650,0,PASS,0,neu_50_full_seed825_e100,new_p2_multiseed,7,NVIDIA GeForce RTX 4090,4755e02af870d1af5bdea2bc2b355c1ad62e79a66eaa1ae2fad5545bb83c0f84,True
NEU-DET,50,Full-SFT,826,0.26755359212612245,0.5620922185229364,0.5547573070003156,0.5378241002322349,2590994,2591010,0.9999938248019112,2682.88,273.829,0.07606351,5498650,0,PASS,0,neu_50_full_seed826_e100,new_p2_multiseed,7,NVIDIA GeForce RTX 4090,4755e02af870d1af5bdea2bc2b355c1ad62e79a66eaa1ae2fad5545bb83c0f84,True
NEU-DET,50,Frozen Backbone,824,0.22367304237417793,0.48152174648827345,0.4586725881862186,0.5265297354811956,1225522,2591010,0.4729900695095735,1710.08,241.417,0.0670602,5498650,0,PASS,0,neu_50_frozen_seed824,immutable_p2_seed824,1,NVIDIA GeForce RTX 4090,4755e02af870d1af5bdea2bc2b355c1ad62e79a66eaa1ae2fad5545bb83c0f84,True
NEU-DET,50,Frozen Backbone,825,0.21562872913172765,0.4611847407674284,0.41952401070628537,0.5396022825678396,1225522,2591010,0.4729900695095735,1710.08,237.814,0.06605951,5498650,0,PASS,0,neu_50_frozen_seed825_e100,new_p2_multiseed,4,NVIDIA GeForce RTX 4090,4755e02af870d1af5bdea2bc2b355c1ad62e79a66eaa1ae2fad5545bb83c0f84,True
NEU-DET,50,Frozen Backbone,826,0.21916783572854262,0.48736688714482174,0.4092695655652236,0.5699072315754944,1225522,2591010,0.4729900695095735,1710.08,240.703,0.06686185,5498650,0,PASS,0,neu_50_frozen_seed826_e100,new_p2_multiseed,4,NVIDIA GeForce RTX 4090,4755e02af870d1af5bdea2bc2b355c1ad62e79a66eaa1ae2fad5545bb83c0f84,True
NEU-DET,50,V-PEFT,824,0.22366558626239436,0.4765483113259877,0.42101756044256927,0.535545179951139,613602,2772770,0.2212956718371881,2641.92,303.249,0.08423581,6037266,763748,PASS,0,neu_50_vpeft_seed824,immutable_p2_seed824,2,NVIDIA GeForce RTX 4090,4755e02af870d1af5bdea2bc2b355c1ad62e79a66eaa1ae2fad5545bb83c0f84,True
NEU-DET,50,V-PEFT,825,0.2629094114776422,0.526169913385072,0.45868077824366926,0.6021651529258991,613602,2772770,0.2212956718371881,2641.92,312.301,0.0867502,6037266,763748,PASS,0,neu_50_vpeft_seed825_e100,new_p2_multiseed,5,NVIDIA GeForce RTX 4090,4755e02af870d1af5bdea2bc2b355c1ad62e79a66eaa1ae2fad5545bb83c0f84,True
NEU-DET,50,V-PEFT,826,0.26503135960608676,0.5154053352970088,0.6190001553226196,0.5044316889809185,613602,2772770,0.2212956718371881,2641.92,296.782,0.08243942,6037266,763748,PASS,0,neu_50_vpeft_seed826_e100,new_p2_multiseed,5,NVIDIA GeForce RTX 4090,4755e02af870d1af5bdea2bc2b355c1ad62e79a66eaa1ae2fad5545bb83c0f84,True
NEU-DET,100,Full-SFT,824,0.329271082024551,0.6400595003656631,0.5926559916754542,0.6448380052175213,2590994,2591010,0.9999938248019112,2652.16,349.684,0.09713442,5498650,0,PASS,0,neu_full_seed824_e100,reused_p1_100_multiseed,0,NVIDIA GeForce RTX 4090,866509a9beb7bf50a2e81c3ce29043454b400284e065558313827d1854977259,True
NEU-DET,100,Full-SFT,825,0.3369660971664654,0.6369415093548864,0.6430517421371478,0.5626202989414949,2590994,2591010,0.9999938248019112,2652.16,357.501,0.09930581,5498650,0,PASS,0,neu_full_seed825_e100,reused_p1_100_multiseed,0,NVIDIA GeForce RTX 4090,866509a9beb7bf50a2e81c3ce29043454b400284e065558313827d1854977259,True
NEU-DET,100,Full-SFT,826,0.3325672867674142,0.6363486812378666,0.5513602632128839,0.6451096267883724,2590994,2591010,0.9999938248019112,2652.16,361.318,0.10036617,5498650,0,PASS,0,neu_full_seed826_e100,reused_p1_100_multiseed,0,NVIDIA GeForce RTX 4090,866509a9beb7bf50a2e81c3ce29043454b400284e065558313827d1854977259,True
NEU-DET,100,Frozen Backbone,824,0.29013037345959347,0.5736110191056554,0.4912692192153698,0.586196661857234,1225522,2591010,0.4729900695095735,1699.84,317.399,0.08816633,5498650,0,PASS,0,neu_frozen_seed824_e100,reused_p1_100_multiseed,0,NVIDIA GeForce RTX 4090,866509a9beb7bf50a2e81c3ce29043454b400284e065558313827d1854977259,True
NEU-DET,100,Frozen Backbone,825,0.3014284378647265,0.5813821883646177,0.5317413958756801,0.5867359926399452,1225522,2591010,0.4729900695095735,1699.84,333.687,0.09269073,5498650,0,PASS,0,neu_frozen_seed825_e100,reused_p1_100_multiseed,1,NVIDIA GeForce RTX 4090,866509a9beb7bf50a2e81c3ce29043454b400284e065558313827d1854977259,True
NEU-DET,100,Frozen Backbone,826,0.288936696618746,0.5756156370170821,0.5466410345369451,0.5606347207339393,1225522,2591010,0.4729900695095735,1699.84,324.274,0.09007614,5498650,0,PASS,0,neu_frozen_seed826_e100,reused_p1_100_multiseed,1,NVIDIA GeForce RTX 4090,866509a9beb7bf50a2e81c3ce29043454b400284e065558313827d1854977259,True
NEU-DET,100,V-PEFT,824,0.32803419678443413,0.6238517029405819,0.616230096355973,0.5839248296195537,613602,2772770,0.2212956718371881,2621.44,395.15,0.10976387,6037266,763747,PASS,0,neu_vpeft_seed824_e100,reused_p1_100_multiseed,0,NVIDIA GeForce RTX 4090,866509a9beb7bf50a2e81c3ce29043454b400284e065558313827d1854977259,True
NEU-DET,100,V-PEFT,825,0.3209134314739011,0.6111392519891955,0.6743775830314216,0.49782279746868524,613602,2772770,0.2212956718371881,2621.44,407.423,0.11317299,6037266,763747,PASS,0,neu_vpeft_seed825_e100,reused_p1_100_multiseed,2,NVIDIA GeForce RTX 4090,866509a9beb7bf50a2e81c3ce29043454b400284e065558313827d1854977259,True
NEU-DET,100,V-PEFT,826,0.31191581404727825,0.598148100622752,0.7097801488921287,0.5264347181679965,613602,2772770,0.2212956718371881,2621.44,405.314,0.11258723,6037266,763746,PASS,0,neu_vpeft_seed826_e100,reused_p1_100_multiseed,2,NVIDIA GeForce RTX 4090,866509a9beb7bf50a2e81c3ce29043454b400284e065558313827d1854977259,True
NEU-DET,500,Full-SFT,824,0.39563138850644375,0.7170237317271698,0.6620388504649312,0.6511964941399915,2590994,2591010,0.9999938248019112,2652.16,1159.268,0.32201895,5498650,0,PASS,0,neu_500_full_seed824,immutable_p2_seed824,0,NVIDIA GeForce RTX 4090,82bda54ce30a707635221ab5c5f1908e4f9079bb4fa8fb53ca753f45207d96c8,True
NEU-DET,500,Full-SFT,825,0.4059320546513069,0.7159495027920384,0.6601500742523564,0.6499005781063697,2590994,2591010,0.9999938248019112,2652.16,1184.699,0.32908295,5498650,0,PASS,0,neu_500_full_seed825_e100,new_p2_multiseed,0,NVIDIA GeForce RTX 4090,82bda54ce30a707635221ab5c5f1908e4f9079bb4fa8fb53ca753f45207d96c8,True
NEU-DET,500,Full-SFT,826,0.396971418289455,0.7166208552529553,0.6465744611650377,0.6784136994519349,2590994,2591010,0.9999938248019112,2652.16,1177.506,0.32708501,5498650,0,PASS,0,neu_500_full_seed826_e100,new_p2_multiseed,6,NVIDIA GeForce RTX 4090,82bda54ce30a707635221ab5c5f1908e4f9079bb4fa8fb53ca753f45207d96c8,True
NEU-DET,500,Frozen Backbone,824,0.3859145787103497,0.6857505053234415,0.6211521551060577,0.6607346256438503,1225522,2591010,0.4729900695095735,1699.84,1031.904,0.28664002,5498650,0,PASS,0,neu_500_frozen_seed824,immutable_p2_seed824,1,NVIDIA GeForce RTX 4090,82bda54ce30a707635221ab5c5f1908e4f9079bb4fa8fb53ca753f45207d96c8,True
NEU-DET,500,Frozen Backbone,825,0.37548912967243275,0.6807494819814192,0.6518982443198641,0.6435468853352547,1225522,2591010,0.4729900695095735,1699.84,1032.432,0.28678678,5498650,0,PASS,0,neu_500_frozen_seed825_e100,new_p2_multiseed,1,NVIDIA GeForce RTX 4090,82bda54ce30a707635221ab5c5f1908e4f9079bb4fa8fb53ca753f45207d96c8,True
NEU-DET,500,Frozen Backbone,826,0.36935994956905793,0.6717801678414039,0.604327224760205,0.6400157975401239,1225522,2591010,0.4729900695095735,1699.84,1047.825,0.29106237,5498650,0,PASS,0,neu_500_frozen_seed826_e100,new_p2_multiseed,7,NVIDIA GeForce RTX 4090,82bda54ce30a707635221ab5c5f1908e4f9079bb4fa8fb53ca753f45207d96c8,True
NEU-DET,500,V-PEFT,824,0.39041551147579107,0.6961636006756676,0.6253646737869211,0.6624848881023876,613602,2772770,0.2212956718371881,2621.44,1216.369,0.33788032,6037266,763747,PASS,0,neu_500_vpeft_seed824,immutable_p2_seed824,2,NVIDIA GeForce RTX 4090,82bda54ce30a707635221ab5c5f1908e4f9079bb4fa8fb53ca753f45207d96c8,True
NEU-DET,500,V-PEFT,825,0.3902843356091141,0.6922437907496173,0.6614511821738868,0.6270436232946366,613602,2772770,0.2212956718371881,2621.44,1255.528,0.34875791,6037266,763748,PASS,0,neu_500_vpeft_seed825_e100,new_p2_multiseed,2,NVIDIA GeForce RTX 4090,82bda54ce30a707635221ab5c5f1908e4f9079bb4fa8fb53ca753f45207d96c8,True
NEU-DET,500,V-PEFT,826,0.39186501209476626,0.6946640113736676,0.6227767741382321,0.6743409257221038,613602,2772770,0.2212956718371881,2621.44,1249.068,0.3469632,6037266,763747,PASS,0,neu_500_vpeft_seed826_e100,new_p2_multiseed,0,NVIDIA GeForce RTX 4090,82bda54ce30a707635221ab5c5f1908e4f9079bb4fa8fb53ca753f45207d96c8,True
DeepPCB,10,Full-SFT,824,0.24916234133175094,0.4637688096583959,0.4275088229641541,0.5390466536934337,2590994,2591010,0.9999938248019112,2693.12,203.683,0.05657848,5498650,0,PASS,0,deeppcb_10_full_seed824,immutable_p2_seed824,3,NVIDIA GeForce RTX 4090,503f33cbf1274b097892307dee4f48dff0c7e9d24e1c1e75bafa24dda73cd717,True
DeepPCB,10,Full-SFT,825,0.3236583641929435,0.5400834149590538,0.5118823428116183,0.5607540031829482,2590994,2591010,0.9999938248019112,2693.12,204.024,0.05667324,5498650,0,PASS,0,deeppcb_10_full_seed825_e100,new_p2_multiseed,6,NVIDIA GeForce RTX 4090,503f33cbf1274b097892307dee4f48dff0c7e9d24e1c1e75bafa24dda73cd717,True
DeepPCB,10,Full-SFT,826,0.29819225857257586,0.5020185423369984,0.4745630585070922,0.5228388845116041,2590994,2591010,0.9999938248019112,2693.12,209.235,0.05812088,5498650,0,PASS,0,deeppcb_10_full_seed826_e100,new_p2_multiseed,6,NVIDIA GeForce RTX 4090,503f33cbf1274b097892307dee4f48dff0c7e9d24e1c1e75bafa24dda73cd717,True
DeepPCB,10,Frozen Backbone,824,0.20679017353828663,0.37352204712027254,0.34825471252453616,0.468659627739665,1225522,2591010,0.4729900695095735,1628.16,187.952,0.05220897,5498650,0,PASS,0,deeppcb_10_frozen_seed824,immutable_p2_seed824,4,NVIDIA GeForce RTX 4090,503f33cbf1274b097892307dee4f48dff0c7e9d24e1c1e75bafa24dda73cd717,True
DeepPCB,10,Frozen Backbone,825,0.23962163713099371,0.4067212326235035,0.39367916160997174,0.4884999976135164,1225522,2591010,0.4729900695095735,1628.16,204.613,0.05683691,5498650,0,PASS,0,deeppcb_10_frozen_seed825_e100,new_p2_multiseed,7,NVIDIA GeForce RTX 4090,503f33cbf1274b097892307dee4f48dff0c7e9d24e1c1e75bafa24dda73cd717,True
DeepPCB,10,Frozen Backbone,826,0.215418634065637,0.37846660262143833,0.35362203154789773,0.4578721765342186,1225522,2591010,0.4729900695095735,1628.16,197.623,0.05489539,5498650,0,PASS,0,deeppcb_10_frozen_seed826_e100,new_p2_multiseed,7,NVIDIA GeForce RTX 4090,503f33cbf1274b097892307dee4f48dff0c7e9d24e1c1e75bafa24dda73cd717,True
DeepPCB,10,V-PEFT,824,0.19077031096601324,0.32715718697951,0.2688901753613395,0.4561916780021637,613602,2772770,0.2212956718371881,2662.4,243.842,0.06773381,6037266,763747,PASS,0,deeppcb_10_vpeft_seed824,immutable_p2_seed824,5,NVIDIA GeForce RTX 4090,503f33cbf1274b097892307dee4f48dff0c7e9d24e1c1e75bafa24dda73cd717,True
DeepPCB,10,V-PEFT,825,0.19669251374924399,0.34082080674779736,0.3270683610292667,0.4325505363255899,613602,2772770,0.2212956718371881,2662.4,251.934,0.06998169,6037266,763747,PASS,0,deeppcb_10_vpeft_seed825_e100,new_p2_multiseed,4,NVIDIA GeForce RTX 4090,503f33cbf1274b097892307dee4f48dff0c7e9d24e1c1e75bafa24dda73cd717,True
DeepPCB,10,V-PEFT,826,0.18170001616161172,0.29433662889439655,0.2556723478435819,0.41889442307926156,613602,2772770,0.2212956718371881,2662.4,241.929,0.06720244,6037266,763747,PASS,0,deeppcb_10_vpeft_seed826_e100,new_p2_multiseed,4,NVIDIA GeForce RTX 4090,503f33cbf1274b097892307dee4f48dff0c7e9d24e1c1e75bafa24dda73cd717,True
DeepPCB,50,Full-SFT,824,0.5577085083655379,0.839925559666692,0.8217564339701902,0.7757698140053293,2590994,2591010,0.9999938248019112,2693.12,282.421,0.07845034,5498650,0,PASS,0,deeppcb_50_full_seed824,immutable_p2_seed824,3,NVIDIA GeForce RTX 4090,0d31d1cc5ccb48ac53675916aee60fbcad92c538efb4c10b0c1d7f1431b456c6,True
DeepPCB,50,Full-SFT,825,0.5794873457877341,0.8629847814720772,0.8397035298115942,0.8007802741189868,2590994,2591010,0.9999938248019112,2682.88,276.63,0.07684173,5498650,0,PASS,0,deeppcb_50_full_seed825_e100,new_p2_multiseed,5,NVIDIA GeForce RTX 4090,0d31d1cc5ccb48ac53675916aee60fbcad92c538efb4c10b0c1d7f1431b456c6,True
DeepPCB,50,Full-SFT,826,0.5634949049935329,0.8412324563511655,0.8303306326740475,0.7641367349205065,2590994,2591010,0.9999938248019112,2693.12,272.183,0.07560641,5498650,0,PASS,0,deeppcb_50_full_seed826_e100,new_p2_multiseed,5,NVIDIA GeForce RTX 4090,0d31d1cc5ccb48ac53675916aee60fbcad92c538efb4c10b0c1d7f1431b456c6,True
DeepPCB,50,Frozen Backbone,824,0.3803190963299724,0.6566594614332252,0.6270746194445215,0.6379773762561421,1225522,2591010,0.4729900695095735,1730.56,258.006,0.07166832,5498650,0,PASS,0,deeppcb_50_frozen_seed824,immutable_p2_seed824,4,NVIDIA GeForce RTX 4090,0d31d1cc5ccb48ac53675916aee60fbcad92c538efb4c10b0c1d7f1431b456c6,True
DeepPCB,50,Frozen Backbone,825,0.39515167166064313,0.6820029930276169,0.669854868676799,0.658746607628815,1225522,2591010,0.4729900695095735,1710.08,265.095,0.07363739,5498650,0,PASS,0,deeppcb_50_frozen_seed825_e100,new_p2_multiseed,6,NVIDIA GeForce RTX 4090,0d31d1cc5ccb48ac53675916aee60fbcad92c538efb4c10b0c1d7f1431b456c6,True
DeepPCB,50,Frozen Backbone,826,0.39393626300327167,0.6807711644572393,0.6564946272370148,0.6670771456174789,1225522,2591010,0.4729900695095735,1720.32,252.055,0.07001535,5498650,0,PASS,0,deeppcb_50_frozen_seed826_e100,new_p2_multiseed,6,NVIDIA GeForce RTX 4090,0d31d1cc5ccb48ac53675916aee60fbcad92c538efb4c10b0c1d7f1431b456c6,True
DeepPCB,50,V-PEFT,824,0.3562223855066213,0.5717866027841384,0.5151554190170827,0.605979390041225,613602,2772770,0.2212956718371881,2652.16,317.412,0.08817009,6037266,763748,PASS,0,deeppcb_50_vpeft_seed824,immutable_p2_seed824,5,NVIDIA GeForce RTX 4090,0d31d1cc5ccb48ac53675916aee60fbcad92c538efb4c10b0c1d7f1431b456c6,True
DeepPCB,50,V-PEFT,825,0.37737851106870923,0.5960694643803115,0.5281482310221637,0.6449727529434942,613602,2772770,0.2212956718371881,2641.92,331.941,0.09220588,6037266,763747,PASS,0,deeppcb_50_vpeft_seed825_e100,new_p2_multiseed,7,NVIDIA GeForce RTX 4090,0d31d1cc5ccb48ac53675916aee60fbcad92c538efb4c10b0c1d7f1431b456c6,True
DeepPCB,50,V-PEFT,826,0.3789538906490525,0.6067435983735331,0.5637553336479929,0.6292448808611967,613602,2772770,0.2212956718371881,2652.16,314.415,0.08733757,6037266,763747,PASS,0,deeppcb_50_vpeft_seed826_e100,new_p2_multiseed,7,NVIDIA GeForce RTX 4090,0d31d1cc5ccb48ac53675916aee60fbcad92c538efb4c10b0c1d7f1431b456c6,True
DeepPCB,100,Full-SFT,824,0.63453779041467,0.920817740582632,0.9040055807388218,0.8557610669674177,2590994,2591010,0.9999938248019112,2672.64,369.01,0.10250289,5498650,0,PASS,0,deeppcb_full_seed824_e100,reused_p1_100_multiseed,0,NVIDIA GeForce RTX 4090,bc1860750bd504ef7735689008305e14f24faf9dc17d2a45cecd23a0e31e3abe,True
DeepPCB,100,Full-SFT,825,0.6600276818450954,0.925547061014835,0.9161817397019658,0.8656800895338791,2590994,2591010,0.9999938248019112,2652.16,375.69,0.10435844,5498650,0,PASS,0,deeppcb_full_seed825_e100,reused_p1_100_multiseed,3,NVIDIA GeForce RTX 4090,bc1860750bd504ef7735689008305e14f24faf9dc17d2a45cecd23a0e31e3abe,True
DeepPCB,100,Full-SFT,826,0.651232817709559,0.9213028064240264,0.8787144010147796,0.8762019116536198,2590994,2591010,0.9999938248019112,2672.64,376.652,0.10462554,5498650,0,PASS,0,deeppcb_full_seed826_e100,reused_p1_100_multiseed,3,NVIDIA GeForce RTX 4090,bc1860750bd504ef7735689008305e14f24faf9dc17d2a45cecd23a0e31e3abe,True
DeepPCB,100,Frozen Backbone,824,0.4754075812321887,0.7937581338005799,0.7524897325858726,0.7586984791698078,1225522,2591010,0.4729900695095735,1710.08,335.591,0.09321965,5498650,0,PASS,0,deeppcb_frozen_seed824_e100,reused_p1_100_multiseed,0,NVIDIA GeForce RTX 4090,bc1860750bd504ef7735689008305e14f24faf9dc17d2a45cecd23a0e31e3abe,True
DeepPCB,100,Frozen Backbone,825,0.5015658055447039,0.8255570711474004,0.8109592649187213,0.7553273822333662,1225522,2591010,0.4729900695095735,1699.84,343.248,0.0953468,5498650,0,PASS,0,deeppcb_frozen_seed825_e100,reused_p1_100_multiseed,4,NVIDIA GeForce RTX 4090,bc1860750bd504ef7735689008305e14f24faf9dc17d2a45cecd23a0e31e3abe,True
DeepPCB,100,Frozen Backbone,826,0.47609064156689274,0.798599873648271,0.789292572727485,0.748471989692464,1225522,2591010,0.4729900695095735,1710.08,341.509,0.09486375,5498650,0,PASS,0,deeppcb_frozen_seed826_e100,reused_p1_100_multiseed,4,NVIDIA GeForce RTX 4090,bc1860750bd504ef7735689008305e14f24faf9dc17d2a45cecd23a0e31e3abe,True
DeepPCB,100,V-PEFT,824,0.5115343793414727,0.77943534341831,0.7590504309490184,0.7177333864140611,613602,2772770,0.2212956718371881,2641.92,412.135,0.1144819,6037266,763747,PASS,0,deeppcb_vpeft_seed824_e100,reused_p1_100_multiseed,0,NVIDIA GeForce RTX 4090,bc1860750bd504ef7735689008305e14f24faf9dc17d2a45cecd23a0e31e3abe,True
DeepPCB,100,V-PEFT,825,0.5326706292011492,0.8115742742654969,0.7988185476195594,0.7388613248812869,613602,2772770,0.2212956718371881,2621.44,420.863,0.11690649,6037266,763748,PASS,0,deeppcb_vpeft_seed825_e100,reused_p1_100_multiseed,5,NVIDIA GeForce RTX 4090,bc1860750bd504ef7735689008305e14f24faf9dc17d2a45cecd23a0e31e3abe,True
DeepPCB,100,V-PEFT,826,0.5056152182933827,0.7965369054748241,0.7792266155600903,0.7344405540431703,613602,2772770,0.2212956718371881,2631.68,438.235,0.12173208,6037266,763748,PASS,0,deeppcb_vpeft_seed826_e100,reused_p1_100_multiseed,5,NVIDIA GeForce RTX 4090,bc1860750bd504ef7735689008305e14f24faf9dc17d2a45cecd23a0e31e3abe,True
DeepPCB,500,Full-SFT,824,0.7006209618146635,0.9659816628900953,0.9517113028464935,0.9305506300269483,2590994,2591010,0.9999938248019112,2652.16,1154.634,0.32073176,5498650,0,PASS,0,deeppcb_500_full_seed824,immutable_p2_seed824,3,NVIDIA GeForce RTX 4090,762ca09621fa34c1a535b7b8c253d122ce51a59f21834c0af8a4164edd1bb5eb,True
DeepPCB,500,Full-SFT,825,0.6921904117500987,0.9684541206876854,0.9512020616554163,0.9360947201701716,2590994,2591010,0.9999938248019112,2652.16,1170.385,0.32510682,5498650,0,PASS,0,deeppcb_500_full_seed825_e100,new_p2_multiseed,3,NVIDIA GeForce RTX 4090,762ca09621fa34c1a535b7b8c253d122ce51a59f21834c0af8a4164edd1bb5eb,True
DeepPCB,500,Full-SFT,826,0.7091270881490792,0.9687409096755859,0.9659875672059769,0.9292176537238283,2590994,2591010,0.9999938248019112,2652.16,1156.172,0.32115878,5498650,0,PASS,0,deeppcb_500_full_seed826_e100,new_p2_multiseed,1,NVIDIA GeForce RTX 4090,762ca09621fa34c1a535b7b8c253d122ce51a59f21834c0af8a4164edd1bb5eb,True
DeepPCB,500,Frozen Backbone,824,0.5885262975446927,0.919980308660857,0.8984212781527989,0.8726013401627641,1225522,2591010,0.4729900695095735,1699.84,1057.445,0.29373464,5498650,0,PASS,0,deeppcb_500_frozen_seed824,immutable_p2_seed824,4,NVIDIA GeForce RTX 4090,762ca09621fa34c1a535b7b8c253d122ce51a59f21834c0af8a4164edd1bb5eb,True
DeepPCB,500,Frozen Backbone,825,0.6053362592087985,0.929881199573376,0.895524848468464,0.8910712779157085,1225522,2591010,0.4729900695095735,1699.84,1066.02,0.29611667,5498650,0,PASS,0,deeppcb_500_frozen_seed825_e100,new_p2_multiseed,4,NVIDIA GeForce RTX 4090,762ca09621fa34c1a535b7b8c253d122ce51a59f21834c0af8a4164edd1bb5eb,True
DeepPCB,500,Frozen Backbone,826,0.5997345252440953,0.9271732030962979,0.9077592669794933,0.8716796424417987,1225522,2591010,0.4729900695095735,1699.84,1062.132,0.2950368,5498650,0,PASS,0,deeppcb_500_frozen_seed826_e100,new_p2_multiseed,2,NVIDIA GeForce RTX 4090,762ca09621fa34c1a535b7b8c253d122ce51a59f21834c0af8a4164edd1bb5eb,True
DeepPCB,500,V-PEFT,824,0.6570768844674543,0.9274745772783365,0.8934636650425086,0.8730316179588072,613602,2772770,0.2212956718371881,2621.44,1241.536,0.34487104,6037266,763746,PASS,0,deeppcb_500_vpeft_seed824,immutable_p2_seed824,5,NVIDIA GeForce RTX 4090,762ca09621fa34c1a535b7b8c253d122ce51a59f21834c0af8a4164edd1bb5eb,True
DeepPCB,500,V-PEFT,825,0.6481052221131816,0.9271216641152984,0.905890405805362,0.8671197974405068,613602,2772770,0.2212956718371881,2621.44,1260.32,0.35008902,6037266,763748,PASS,0,deeppcb_500_vpeft_seed825_e100,new_p2_multiseed,5,NVIDIA GeForce RTX 4090,762ca09621fa34c1a535b7b8c253d122ce51a59f21834c0af8a4164edd1bb5eb,True
DeepPCB,500,V-PEFT,826,0.6640323775693877,0.930137274603536,0.9095615797524209,0.8773594010100082,613602,2772770,0.2212956718371881,2621.44,1266.56,0.35182225,6037266,763748,PASS,0,deeppcb_500_vpeft_seed826_e100,new_p2_multiseed,3,NVIDIA GeForce RTX 4090,762ca09621fa34c1a535b7b8c253d122ce51a59f21834c0af8a4164edd1bb5eb,True
