dataset,sample_size,method,seed,mAP50-95,mAP50,precision,recall,trainable_params,total_params,trainable_ratio,peak_gpu_memory_mib,training_seconds,gpu_hours,best_epoch,best_mAP50-95,last_epoch_mAP50-95,checkpoint_size_bytes,adapter_size_bytes,planner_status,planner_backend,actual_backend,planned_targets,applied_targets,adapter_params,device,gpu_name,exit_code,status,source,run_id
NEU-DET,10,Full-SFT,824,0.1214267962147083,0.2870734620766395,0.2909257534165233,0.38133581523049825,2590994,2591010,0.9999938248019112,2682.88,192.668,0.0535189,100,0.11561,0.11561,5498650,0,,,,0,0,0,0,NVIDIA GeForce RTX 4090,0,PASS,new_p2_seed824,neu_10_full_seed824
NEU-DET,10,Frozen Backbone,824,0.1432168465387196,0.321545558491162,0.34501196282443924,0.3518998809922345,1225522,2591010,0.4729900695095735,1607.68,175.853,0.048848,100,0.11272,0.11272,5498650,0,,,,0,0,0,1,NVIDIA GeForce RTX 4090,0,PASS,new_p2_seed824,neu_10_frozen_seed824
NEU-DET,10,V-PEFT,824,0.10536051224054682,0.2323102700825018,0.2939914556860772,0.31241069988543485,613602,2772770,0.2212956718371881,2641.92,220.292,0.0611921,97,0.106,0.10364,6037266,763748,ACCEPT,vpeft,peft,59,52,181760,2,NVIDIA GeForce RTX 4090,0,PASS,new_p2_seed824,neu_10_vpeft_seed824
NEU-DET,50,Full-SFT,824,0.27933154709227803,0.5550510631251292,0.5071978738289356,0.5653082263351177,2590994,2591010,0.9999938248019112,2682.88,267.608,0.07433555,91,0.28465,0.2678,5498650,0,,,,0,0,0,0,NVIDIA GeForce RTX 4090,0,PASS,new_p2_seed824,neu_50_full_seed824
NEU-DET,50,Frozen Backbone,824,0.22367304237417793,0.48152174648827345,0.4586725881862186,0.5265297354811956,1225522,2591010,0.4729900695095735,1710.08,241.417,0.0670602,93,0.21544,0.21046,5498650,0,,,,0,0,0,1,NVIDIA GeForce RTX 4090,0,PASS,new_p2_seed824,neu_50_frozen_seed824
NEU-DET,50,V-PEFT,824,0.22366558626239436,0.4765483113259877,0.42101756044256927,0.535545179951139,613602,2772770,0.2212956718371881,2641.92,303.249,0.08423581,90,0.21717,0.19594,6037266,763748,ACCEPT,vpeft,peft,59,52,181760,2,NVIDIA GeForce RTX 4090,0,PASS,new_p2_seed824,neu_50_vpeft_seed824
NEU-DET,100,Full-SFT,824,0.329271082024551,0.6400595003656631,0.5926559916754542,0.6448380052175213,2590994,2591010,0.9999938248019112,2652.16,349.684,0.09713442,85,0.32866,0.31617,5498650,0,,,,0,0,0,0,NVIDIA GeForce RTX 4090,0,PASS,reused_p1_seed824_e100,neu_full_seed824_e100
NEU-DET,100,Frozen Backbone,824,0.29013037345959347,0.5736110191056554,0.4912692192153698,0.586196661857234,1225522,2591010,0.4729900695095735,1699.84,317.399,0.08816633,79,0.2694,0.26642,5498650,0,,,,0,0,0,0,NVIDIA GeForce RTX 4090,0,PASS,reused_p1_seed824_e100,neu_frozen_seed824_e100
NEU-DET,100,V-PEFT,824,0.32803419678443413,0.6238517029405819,0.616230096355973,0.5839248296195537,613602,2772770,0.2212956718371881,2621.44,395.15,0.10976387,87,0.31786,0.30394,6037266,763747,ACCEPT,vpeft,peft,59,52,181760,0,NVIDIA GeForce RTX 4090,0,PASS,reused_p1_seed824_e100,neu_vpeft_seed824_e100
NEU-DET,500,Full-SFT,824,0.39563138850644375,0.7170237317271698,0.6620388504649312,0.6511964941399915,2590994,2591010,0.9999938248019112,2652.16,1159.268,0.32201895,71,0.41834,0.39607,5498650,0,,,,0,0,0,0,NVIDIA GeForce RTX 4090,0,PASS,new_p2_seed824,neu_500_full_seed824
NEU-DET,500,Frozen Backbone,824,0.3859145787103497,0.6857505053234415,0.6211521551060577,0.6607346256438503,1225522,2591010,0.4729900695095735,1699.84,1031.904,0.28664002,77,0.38892,0.38342,5498650,0,,,,0,0,0,1,NVIDIA GeForce RTX 4090,0,PASS,new_p2_seed824,neu_500_frozen_seed824
NEU-DET,500,V-PEFT,824,0.39041551147579107,0.6961636006756676,0.6253646737869211,0.6624848881023876,613602,2772770,0.2212956718371881,2621.44,1216.369,0.33788032,87,0.42022,0.40018,6037266,763747,ACCEPT,vpeft,peft,59,52,181760,2,NVIDIA GeForce RTX 4090,0,PASS,new_p2_seed824,neu_500_vpeft_seed824
DeepPCB,10,Full-SFT,824,0.24916234133175094,0.4637688096583959,0.4275088229641541,0.5390466536934337,2590994,2591010,0.9999938248019112,2693.12,203.683,0.05657848,100,0.25067,0.25067,5498650,0,,,,0,0,0,3,NVIDIA GeForce RTX 4090,0,PASS,new_p2_seed824,deeppcb_10_full_seed824
DeepPCB,10,Frozen Backbone,824,0.20679017353828663,0.37352204712027254,0.34825471252453616,0.468659627739665,1225522,2591010,0.4729900695095735,1628.16,187.952,0.05220897,100,0.17566,0.17566,5498650,0,,,,0,0,0,4,NVIDIA GeForce RTX 4090,0,PASS,new_p2_seed824,deeppcb_10_frozen_seed824
DeepPCB,10,V-PEFT,824,0.19077031096601324,0.32715718697951,0.2688901753613395,0.4561916780021637,613602,2772770,0.2212956718371881,2662.4,243.842,0.06773381,94,0.16216,0.15937,6037266,763747,ACCEPT,vpeft,peft,59,52,181760,5,NVIDIA GeForce RTX 4090,0,PASS,new_p2_seed824,deeppcb_10_vpeft_seed824
DeepPCB,50,Full-SFT,824,0.5577085083655379,0.839925559666692,0.8217564339701902,0.7757698140053293,2590994,2591010,0.9999938248019112,2693.12,282.421,0.07845034,86,0.53594,0.48632,5498650,0,,,,0,0,0,3,NVIDIA GeForce RTX 4090,0,PASS,new_p2_seed824,deeppcb_50_full_seed824
DeepPCB,50,Frozen Backbone,824,0.3803190963299724,0.6566594614332252,0.6270746194445215,0.6379773762561421,1225522,2591010,0.4729900695095735,1730.56,258.006,0.07166832,90,0.3568,0.35355,5498650,0,,,,0,0,0,4,NVIDIA GeForce RTX 4090,0,PASS,new_p2_seed824,deeppcb_50_frozen_seed824
DeepPCB,50,V-PEFT,824,0.3562223855066213,0.5717866027841384,0.5151554190170827,0.605979390041225,613602,2772770,0.2212956718371881,2652.16,317.412,0.08817009,90,0.34092,0.31843,6037266,763748,ACCEPT,vpeft,peft,59,52,181760,5,NVIDIA GeForce RTX 4090,0,PASS,new_p2_seed824,deeppcb_50_vpeft_seed824
DeepPCB,100,Full-SFT,824,0.63453779041467,0.920817740582632,0.9040055807388218,0.8557610669674177,2590994,2591010,0.9999938248019112,2672.64,369.01,0.10250289,75,0.63496,0.54763,5498650,0,,,,0,0,0,0,NVIDIA GeForce RTX 4090,0,PASS,reused_p1_seed824_e100,deeppcb_full_seed824_e100
DeepPCB,100,Frozen Backbone,824,0.4754075812321887,0.7937581338005799,0.7524897325858726,0.7586984791698078,1225522,2591010,0.4729900695095735,1710.08,335.591,0.09321965,63,0.48668,0.47864,5498650,0,,,,0,0,0,0,NVIDIA GeForce RTX 4090,0,PASS,reused_p1_seed824_e100,deeppcb_frozen_seed824_e100
DeepPCB,100,V-PEFT,824,0.5115343793414727,0.77943534341831,0.7590504309490184,0.7177333864140611,613602,2772770,0.2212956718371881,2641.92,412.135,0.1144819,70,0.51776,0.37931,6037266,763747,ACCEPT,vpeft,peft,59,52,181760,0,NVIDIA GeForce RTX 4090,0,PASS,reused_p1_seed824_e100,deeppcb_vpeft_seed824_e100
DeepPCB,500,Full-SFT,824,0.7006209618146635,0.9659816628900953,0.9517113028464935,0.9305506300269483,2590994,2591010,0.9999938248019112,2652.16,1154.634,0.32073176,74,0.72719,0.70044,5498650,0,,,,0,0,0,3,NVIDIA GeForce RTX 4090,0,PASS,new_p2_seed824,deeppcb_500_full_seed824
DeepPCB,500,Frozen Backbone,824,0.5885262975446927,0.919980308660857,0.8984212781527989,0.8726013401627641,1225522,2591010,0.4729900695095735,1699.84,1057.445,0.29373464,68,0.63178,0.62964,5498650,0,,,,0,0,0,4,NVIDIA GeForce RTX 4090,0,PASS,new_p2_seed824,deeppcb_500_frozen_seed824
DeepPCB,500,V-PEFT,824,0.6570768844674543,0.9274745772783365,0.8934636650425086,0.8730316179588072,613602,2772770,0.2212956718371881,2621.44,1241.536,0.34487104,60,0.66596,0.60679,6037266,763746,ACCEPT,vpeft,peft,59,52,181760,5,NVIDIA GeForce RTX 4090,0,PASS,new_p2_seed824,deeppcb_500_vpeft_seed824
